step,Train_Accuracy
0,1.0
100,1.0
200,0.9921875
300,1.0
400,1.0
500,1.0
600,1.0
700,1.0
800,1.0
900,1.0
1000,1.0
1100,1.0
1200,1.0
1300,1.0
1400,1.0
1500,0.9921875
1600,1.0
1700,1.0
1800,1.0
1900,1.0
2000,1.0
2100,1.0
2200,1.0
2300,1.0
2400,1.0
2500,1.0
2600,1.0
2700,1.0
2800,1.0
2900,1.0
3000,1.0
3100,1.0
3200,1.0
3300,1.0
3400,1.0
3500,1.0
3600,1.0
3700,1.0
3800,1.0
3900,1.0
4000,1.0
4100,1.0
4200,1.0
